City,Country,City ID,lon,lat,temperature,max temperature,humidity,clouds,windspeed
Ushuaia,AR,3833367,-68.3,-54.8,46.4,46.4,81,75,36.82
Tasiilaq,GL,3424607,-37.6368,65.6145,23.0,23.0,74,20,2.48
Padang,ID,1633419,100.3543,-0.9492,86.0,86.0,66,20,4.61
Bluff,NZ,2206939,168.3333,-46.6,57.0,57.0,97,100,8.99
Mataura,NZ,6201424,168.8643,-46.1927,57.0,57.0,97,100,8.99
Maumere,ID,1635815,122.2111,-8.6199,80.19,80.19,82,95,14.23
Fare,PF,4034496,-151.0167,-16.7,81.57,81.57,69,83,4.38
Muncar,ID,1634718,114.3333,-8.4333,84.67,84.67,74,100,0.78
Punta Arenas,CL,3874787,-70.9167,-53.15,50.0,50.0,76,0,34.52
Lorengau,PG,2092164,147.2712,-2.0226,80.24,80.24,86,100,14.83
Vaini,TO,4032243,-175.2,-21.2,82.4,82.4,74,20,9.22
Kiruna,SE,605155,20.2251,67.8557,-0.4,-0.4,92,75,1.14
Xingyi,CN,1787599,102.817,24.1877,65.34,65.34,47,89,18.32
Saint Paul Harbor,US,5866583,-152.4072,57.79,37.4,37.4,75,40,5.75
Mahajanga,MG,1062663,46.3167,-15.7167,75.2,75.2,94,20,4.61
Touros,BR,3386213,-35.4608,-5.1989,78.8,78.8,83,20,2.3
Northam,GB,2641434,-4.2167,51.0333,54.34,55.0,92,100,17.0
Dikson,RU,1507390,80.5464,73.5069,-8.01,-8.01,100,99,1.25
Avarua,CK,4035715,-159.775,-21.2078,77.0,77.0,94,75,4.61
Puerto Ayora,EC,3652764,-90.3518,-0.7393,80.01,80.01,90,5,8.99
Amurzet,RU,2027740,131.0981,47.6967,7.81,7.81,64,34,9.35
Kapaa,US,5848280,-159.319,22.0752,74.52,75.2,73,90,16.11
Ilulissat,GL,3423146,-51.1,69.2167,15.8,15.8,41,0,10.36
Port Alfred,ZA,964432,26.891,-33.5906,64.0,64.0,82,1,1.99
Broome,US,5110365,-75.833,42.2506,35.51,37.99,75,90,12.66
Lebu,CL,3883457,-73.65,-37.6167,57.07,57.07,88,0,17.05
Half Moon Bay,US,5354943,-122.4286,37.4636,56.95,60.01,67,1,3.44
San Patricio,US,4726521,-97.5169,28.017,64.81,64.99,94,20,17.27
Atuona,PF,4020109,-139.0333,-9.8,79.45,79.45,75,5,9.93
Cabo San Lucas,MX,3985710,-109.9124,22.8909,64.71,64.99,45,1,5.75
Mar del Plata,AR,3430863,-57.5575,-38.0023,60.94,62.01,72,75,9.22
Vardø,NO,777019,31.1107,70.3705,21.2,21.2,79,20,11.5
Arraial do Cabo,BR,3471451,-42.0278,-22.9661,74.41,74.41,88,0,9.4
Zharkent,KZ,1520253,80.0,44.1628,39.72,39.72,66,100,1.97
Barrow,US,5880054,-156.7887,71.2906,-20.2,-20.2,69,90,8.05
Hermanus,ZA,3366880,19.2345,-34.4187,64.0,64.0,95,66,5.66
Tura,IN,1254046,90.2201,25.5198,80.64,80.64,20,0,3.96
Beipiao,CN,2038342,120.7792,41.7919,35.33,35.33,69,16,11.65
Yulara,AU,6355222,130.9889,-25.2406,87.8,87.8,14,0,12.66
Albany,US,5106841,-73.9662,42.6001,37.63,39.99,75,90,20.71
Mahébourg,MU,934322,57.7,-20.4081,80.6,80.6,74,40,10.36
Rikitea,PF,4030556,-134.9692,-23.1203,79.84,79.84,71,80,10.8
Divičani,BA,3202014,17.3261,44.3667,33.8,33.8,93,0,5.75
Sur,OM,286245,59.5289,22.5667,79.21,79.21,43,0,3.2
Vysokogornyy,RU,2013216,139.15,50.1167,-1.79,-1.79,87,100,11.41
Jumla,NP,1283285,82.1838,29.2747,55.74,55.74,34,0,3.38
Jaguarari,BR,3460225,-40.1958,-10.2639,68.81,68.81,84,33,4.74
Chokurdakh,RU,2126123,147.9167,70.6333,-29.96,-29.96,85,95,7.56
Reconquista,AR,3429594,-59.65,-29.15,70.32,70.32,93,11,3.69
Khāsh,IR,1160571,61.2158,28.2211,56.16,56.16,39,0,2.93
Castro,BR,3466704,-50.0119,-24.7911,64.6,64.6,80,39,2.75
Iquique,CL,3887127,-70.1431,-20.2208,66.2,66.2,72,0,4.61
Pisco,PE,3932145,-76.2167,-13.7,69.46,69.8,78,0,6.91
Shaunavon,CA,6145425,-108.4181,49.6501,21.2,21.2,79,100,8.05
Mareeba,AU,2158767,145.4333,-17.0,90.52,93.0,55,11,13.8
Saint George,US,5546220,-113.5841,37.1041,56.48,57.99,23,1,5.75
Pacific Grove,US,5380437,-121.9166,36.6177,52.68,53.6,71,1,3.44
Omsukchan,RU,2122493,155.8,62.5333,-16.96,-16.96,85,83,7.4
La Santisima Trinidad,BO,3902377,-64.9,-14.8333,75.7,75.7,95,88,2.8
Mangan,IN,1263776,88.5333,27.5167,70.43,70.43,33,59,4.38
Kamaishi,JP,2112444,141.8833,39.2667,30.2,30.2,64,40,12.66
Butaritari,KI,2110227,172.7902,3.0707,81.68,81.68,80,44,17.81
Nome,US,5870133,-165.4064,64.5011,4.48,6.8,61,1,8.05
Lakes Entrance,AU,2160735,147.981,-37.8811,66.99,66.99,59,89,7.0
Novyy Svit,UA,698861,38.0211,47.8059,7.29,7.29,83,83,7.54
Cherskiy,RU,2126199,161.3,68.75,-24.56,-24.56,95,99,4.88
Cape Town,ZA,3369157,18.4232,-33.9258,66.31,66.99,77,20,13.8
Nemuro,JP,2128975,145.575,43.3236,24.8,24.8,46,20,8.05
São Filipe,CV,3374210,-24.4956,14.8961,71.71,71.71,69,0,7.27
Khatanga,RU,2022572,102.5,71.9667,-20.27,-20.27,87,99,8.23
Vestmannaeyjar,IS,3412093,-20.2734,63.4427,42.73,42.73,79,100,16.73
George Town,MY,1735106,100.3354,5.4112,88.59,91.4,51,20,8.05
Bredasdorp,ZA,1015776,20.0403,-34.5322,59.0,59.0,94,91,4.61
Kruisfontein,ZA,986717,24.7314,-34.0033,59.0,59.0,89,0,1.99
Tiksi,RU,2015306,128.8694,71.6872,-25.31,-25.31,85,48,6.08
Theodoriana,GR,254746,21.21,39.4356,46.4,46.4,100,0,5.75
Naze,JP,1855540,129.4833,28.3667,73.4,73.4,60,40,14.97
Bambous Virieux,MU,1106677,57.7575,-20.3428,81.73,82.99,74,40,10.36
Westport,US,4845585,-73.3579,41.1415,40.95,42.8,61,1,12.66
Ziro,IN,1252668,93.8333,27.6333,65.21,65.21,44,33,1.41
Vostok,RU,2013279,135.8833,46.4856,-0.67,-0.67,90,100,8.52
Nikolskoye,RU,546105,30.7861,59.7035,12.99,14.0,92,75,6.71
Petrolina,BR,3392242,-40.5008,-9.3986,75.2,75.2,94,0,1.14
Port Elizabeth,ZA,964420,25.5701,-33.918,59.0,59.0,88,0,9.22
Busselton,AU,2075265,115.3333,-33.65,82.02,82.02,48,17,4.72
Hualmay,PE,3939761,-77.6139,-11.0964,70.34,70.34,79,87,7.45
Mundi,IN,1262504,76.5,22.0667,86.29,86.29,14,0,2.15
Puyo,EC,3652584,-77.9833,-1.4667,67.23,67.23,83,100,1.66
Necochea,AR,3430443,-58.7368,-38.5473,55.0,55.0,87,0,6.49
Abu Samrah,SY,172515,37.1841,35.3029,45.12,45.12,63,0,1.05
Samarinda,ID,1629001,117.15,-0.5,82.65,82.65,84,100,4.03
Souillac,MU,933995,57.5167,-20.5167,80.6,80.6,74,40,10.36
Baghdad,IQ,98182,44.4009,33.3406,41.0,41.0,60,0,3.44
Weligama,LK,1223738,80.4167,5.9667,86.34,86.34,60,100,1.1
Yellowknife,CA,6185377,-114.3525,62.456,-9.13,-9.0,77,90,8.05
Esperance,AU,2071860,121.9,-33.8667,87.8,87.8,25,0,13.8
Mehamn,NO,778707,27.8492,71.0357,33.8,33.8,75,40,10.36
Troitsko-Pechorsk,RU,481548,56.1964,62.7084,-19.48,-19.48,98,58,3.69
Mednogorsk,RU,528109,57.595,51.4128,-8.9,-8.9,87,100,12.19
Ribeira Grande,PT,3372707,-28.7,38.5167,53.42,53.42,65,9,22.46
Talnakh,RU,1490256,88.3972,69.4865,-27.31,-27.31,82,65,5.88
Salalah,OM,286621,54.0924,17.0151,69.8,69.8,78,0,3.44
Fortuna,US,5563839,-124.1573,40.5982,45.86,46.99,87,75,11.5
Mitú,CO,3674676,-70.1733,1.1983,72.52,72.52,98,100,0.85
Ossora,RU,2122389,163.0719,59.2353,-6.52,-6.52,85,0,5.88
Yangjiang,CN,1806408,111.9667,21.85,73.36,73.36,65,99,9.51
Ostrovnoy,RU,556268,39.5131,68.0531,7.97,7.97,92,100,21.9
Laguna,US,5364271,-121.4238,38.421,59.16,64.4,19,1,13.8
Porgera,PG,2088143,143.2,-5.4667,52.14,52.14,85,100,2.68
Jinxiang,CN,1805334,120.6062,27.4327,59.74,59.74,72,76,9.04
Hamilton,US,4513583,-84.5333,39.1834,35.47,39.2,56,20,6.91
Fraga,ES,3122157,0.3489,41.5229,46.6,48.0,100,40,4.61
Cockburn Town,TC,3576994,-71.1419,21.4612,76.75,76.75,81,0,18.68
Chernyshevskiy,RU,2025456,112.4714,63.0128,-14.39,-14.39,88,100,1.63
Kiryat Gat,IL,293842,34.7642,31.61,51.42,54.0,12,80,5.03
Mahon,ES,2514301,4.2658,39.8885,50.0,50.0,100,20,6.91
Bethel,US,5282297,-73.414,41.3712,39.6,42.8,56,1,11.5
Norman Wells,CA,6089245,-126.8329,65.282,-13.0,-13.0,84,75,4.61
Mananjary,MG,1061335,48.3333,-21.2167,77.83,77.83,84,40,4.5
New Norfolk,AU,2155415,147.0587,-42.7826,67.5,73.0,35,26,3.0
Heraclea,TR,315498,34.0467,37.5133,32.22,32.22,90,0,0.49
Mount Gambier,AU,2156643,140.7667,-37.8333,64.4,64.4,45,90,8.05
Baracatan,PH,1726844,125.4158,6.9675,87.8,87.8,66,40,4.61
Grenville,GD,3580236,-61.6167,12.1167,78.8,78.8,78,40,16.11
Port Lincoln,AU,2063036,135.8667,-34.7333,64.04,64.04,54,54,11.07
Gorontalo,ID,1643837,123.0595,0.5412,90.68,90.68,55,78,8.7
Adrar,MR,2381972,-10.0711,20.5022,65.79,65.79,26,0,9.82
Mitsamiouli,KM,921786,43.2844,-11.3847,75.2,75.2,94,20,4.61
East London,ZA,1006984,27.9116,-33.0153,66.2,66.2,82,20,5.75
Saint-Joseph,RE,6690296,55.6167,-21.3667,78.48,82.99,61,0,9.22
Qaanaaq,GL,3831208,-69.3632,77.484,14.88,14.88,84,100,9.17
Hilo,US,5855927,-155.09,19.7297,69.31,75.2,69,75,6.91
La Ronge,CA,6050066,-105.2842,55.1001,17.6,17.6,73,81,3.44
Jamestown,US,5122534,-79.2353,42.097,34.3,35.01,80,90,11.5
Ponferrada,ES,3113236,-6.5962,42.5466,38.62,43.0,88,0,4.12
Grand Gaube,MU,934479,57.6608,-20.0064,82.99,82.99,75,61,7.0
Upernavik,GL,3418910,-56.1549,72.7868,6.71,6.71,94,100,8.81
Olinda,BR,3393536,-34.8553,-8.0089,78.8,78.8,73,75,5.75
Gornyy,RU,1506254,83.9059,55.1153,1.99,1.99,73,100,4.0
Hobart,AU,2163355,147.3294,-42.8794,71.71,73.0,30,0,10.36
Xining,CN,1788852,101.7667,36.6167,41.94,41.94,59,0,2.66
Yerbogachën,RU,2012956,108.0108,61.2767,-9.18,-9.18,87,91,0.72
Rudnaya Pristan',RU,2017384,135.8116,44.3614,15.13,15.13,80,1,16.4
Yumen,CN,1528998,97.2,40.2833,43.66,43.66,32,100,19.26
Ketchikan,US,5554428,-131.6461,55.3422,36.32,37.4,80,90,3.44
Seoul,KR,1835848,126.9778,37.5683,45.14,46.4,15,0,2.3
Pauini,BR,3662927,-66.9764,-7.7136,74.62,74.62,97,100,1.19
Brae,GB,2654970,-1.353,60.3964,46.4,46.4,81,100,16.11
Kefamenanu,ID,1640576,124.4781,-9.4467,82.89,82.89,71,59,10.42
Ancud,CL,3899695,-73.8203,-41.8697,55.69,55.99,82,0,9.22
Agüimes,ES,2522325,-15.4461,27.9054,60.57,62.6,67,40,13.8
Pereslavl'-Zalesskiy,RU,511359,38.8563,56.7393,-6.32,-6.32,88,95,9.19
Djambala,CG,2260401,14.7533,-2.5447,67.12,67.12,93,100,0.22
Nouadhibou,MR,2377457,-17.0347,20.931,64.4,64.4,77,0,18.41
Birao,CF,240210,22.7882,10.2849,68.29,68.29,22,47,12.44
São Félix do Xingu,BR,3388847,-51.995,-6.6447,69.84,69.84,95,60,1.45
Abhā,SA,110690,42.5053,18.2164,54.45,55.4,87,0,5.75
Sioux Lookout,CA,6148373,-91.917,50.1001,21.2,21.2,68,90,11.5
Hope Mills,US,4471851,-78.9453,34.9704,45.81,50.0,81,1,6.91
Kristinehamn,SE,2699282,14.1081,59.3098,40.1,41.0,100,90,13.8
Ukiah,US,5404476,-123.2078,39.1502,47.89,55.4,54,1,4.61
Vestmanna,FO,2610343,-7.1664,62.1564,44.6,44.6,93,90,8.05
Poum,NC,2138555,164.0167,-20.2333,83.55,83.55,69,51,10.29
College,US,5859699,-147.8028,64.8569,1.22,3.0,71,90,1.45
Alofi,NU,4036284,-169.9187,-19.0595,80.6,80.6,78,100,4.61
Faanui,PF,4034551,-151.75,-16.4833,82.31,82.31,70,70,7.05
Lompoc,US,5367788,-120.4579,34.6391,54.01,59.0,76,1,4.61
Bandar-e Anzali,IR,141679,49.4622,37.4727,39.2,39.2,93,90,11.5
Grindavik,IS,3416888,-22.4338,63.8424,39.2,39.2,75,75,10.36
Sitka,US,5557293,-135.33,57.0531,35.6,35.6,87,90,5.75
Ponta Delgada,PT,3372783,-25.6667,37.7333,50.27,53.6,71,40,16.11
Thompson,CA,6165406,-97.8558,55.7435,-11.2,-11.2,84,1,5.75
Lucapa,AO,145724,20.7447,-8.4192,63.88,63.88,100,100,2.75
Henties Bay,NA,3356832,14.2845,-22.116,61.0,61.0,90,79,5.21
Pevek,RU,2122090,170.3133,69.7008,-18.44,-18.44,88,100,6.13
Tambura,SS,366444,27.4667,5.6,72.84,72.84,21,92,6.06
Lethem,GY,3379316,-59.7968,3.3803,79.36,79.36,68,67,11.14
Saskylakh,RU,2017155,114.0833,71.9167,-21.3,-21.3,84,90,3.33
Kaitangata,NZ,2208248,169.8464,-46.2817,61.54,61.54,80,94,11.5
Inongo,CD,2315417,18.2667,-1.95,72.32,72.32,89,100,4.23
Jutaí,BR,3663693,-68.9,-5.1833,73.04,73.04,93,98,1.36
Belle Glade,US,4147241,-80.6676,26.6845,67.28,69.01,83,8,7.36
Aykhal,RU,2027296,111.5,66.0,-25.29,-25.29,80,0,3.58
Geraldton,AU,2070998,114.6,-28.7667,95.0,95.0,28,0,17.27
Isla Vista,US,5359864,-119.861,34.4133,57.63,61.0,71,75,2.33
Leningradskiy,RU,2123814,178.4167,69.3833,-12.3,-12.3,88,97,7.52
Korem,ET,332746,39.5228,12.5058,54.46,54.46,82,6,2.57
Alekseyevskaya,RU,582816,42.1845,50.2896,-9.0,-9.0,74,0,5.66
Hithadhoo,MV,1282256,73.0833,-0.6,83.07,83.07,73,93,9.73
Tuatapere,NZ,2180815,167.6833,-46.1333,57.0,57.0,96,100,11.99
Kaka,TM,161901,59.6143,37.3482,32.7,32.7,91,100,11.81
Jalingo,NG,2336589,11.3667,8.8833,70.63,70.63,23,24,3.53
Portland,US,5746545,-122.6762,45.5234,39.81,42.8,70,90,9.22
Kontagora,NG,2334008,5.4695,10.3999,71.46,71.46,20,0,7.36
Murgab,TM,1218612,61.9714,37.4966,39.2,39.2,65,90,11.5
Dingle,PH,1714733,122.6711,10.9995,85.87,85.87,70,96,9.69
Dzerzhinsk,RU,563708,43.4631,56.2389,-23.4,-23.01,76,0,3.44
Urengoy,RU,1488414,78.3667,65.9667,-19.62,-19.62,87,93,5.1
Kalemie,CD,214974,29.1947,-5.9475,68.9,68.9,88,98,6.02
Verkhnyaya Inta,RU,1487332,60.3094,65.9811,-15.97,-15.97,98,98,1.68
Lavrentiya,RU,4031637,-171.0,65.5833,-6.77,-6.77,87,99,13.24
Keti Bandar,PK,1174451,67.4497,24.1447,78.26,78.26,62,0,13.44
Annau,TM,162199,58.516,37.8876,24.8,24.8,93,90,11.5
Severo-Kuril'sk,RU,2121385,156.125,50.6789,29.07,29.07,91,100,30.71
Kavieng,PG,2094342,150.7967,-2.5744,82.45,82.45,78,96,12.44
San Juan Evangelista,MX,3518679,-95.1333,17.9,66.83,66.83,94,23,3.11
Pimentel,PE,3693584,-79.9342,-6.8367,69.01,69.01,85,89,3.0
Columbus,US,4509177,-82.9988,39.9612,31.89,34.0,86,1,5.75
Carnarvon,AU,2074865,113.6333,-24.8667,107.6,107.6,23,40,10.36
Husavik,IS,2629833,-17.3389,66.0449,32.0,32.0,100,90,3.44
Takoradze,GH,2294915,-1.7554,4.8845,78.48,78.48,85,100,5.44
Karagaylinskiy,RU,1504590,86.5521,54.172,7.07,7.07,89,97,5.17
Kovdor,RU,543508,30.4758,67.5662,-0.06,-0.06,93,80,4.81
Manokwari,ID,1636308,134.0833,-0.8667,82.26,82.26,69,99,6.46
High Level,CA,5975004,-117.136,58.5169,-2.2,-2.2,92,1,2.3
Cap Malheureux,MU,934649,57.6142,-19.9842,82.99,82.99,72,70,10.0
Great Bend,US,4272340,-98.7648,38.3645,48.38,50.0,43,1,12.66
Ciudad Bolivar,VE,3645532,-63.5497,8.1222,76.77,76.77,72,77,14.05
Mambog,PH,1702298,120.0304,15.3137,88.56,89.6,62,75,6.91
Dwārka,IN,1272140,68.9678,22.2394,77.97,77.97,53,0,11.72
Topeka,US,4280539,-95.678,39.0483,43.77,51.01,65,1,11.52
Kulhudhuffushi,MV,1337613,73.07,6.6221,81.73,81.73,66,76,4.92
Atar,MR,2381334,-13.0499,20.5169,69.04,69.04,23,0,10.25
San Policarpo,PH,1688696,125.5072,12.1791,82.09,82.09,72,100,10.22
Yaan,NG,2338660,8.5667,7.3833,70.38,70.38,83,28,3.15
Itapirapuã,BR,3460697,-50.6133,-15.8233,71.55,71.55,93,2,2.62
Byron Bay,AU,2172880,153.6167,-28.65,74.52,78.8,78,75,13.8
Haines Junction,CA,5969025,-137.5108,60.7522,3.2,3.2,85,100,3.44
Bonavista,CA,5905393,-53.1147,48.6499,32.81,34.0,100,100,3.44
Lagoa,PT,3372964,-27.9833,39.05,52.29,52.29,70,16,22.73
Loandjili,CG,2258378,11.8578,-4.7561,78.8,78.8,94,40,4.61
Le Mars,US,4864337,-96.1656,42.7942,39.0,39.99,75,1,8.05
Jalu,LY,86049,21.5482,29.0331,48.45,48.45,76,0,5.32
Gaoua,BF,2577162,-3.2508,10.2992,65.68,65.68,23,51,2.13
Mogadishu,SO,53654,45.3438,2.0371,77.95,77.95,79,88,16.69
Marigot,MF,3578851,-63.0833,18.0667,76.71,77.0,73,20,12.66
Tilichiki,RU,2120591,166.1,60.4667,-17.55,-17.55,91,0,10.47
Korhogo,CI,2286304,-5.6333,9.45,67.59,67.59,15,0,0.54
Port-Gentil,GA,2396518,8.7815,-0.7193,82.26,82.26,74,100,6.8
Portree,GB,2640006,-6.1942,57.4129,48.0,48.0,77,100,34.0
Dobrinka,RU,565857,40.4731,52.1653,-16.2,-16.2,86,86,0.89
Quartucciu,IT,2523666,9.1794,39.2519,44.89,46.4,100,0,4.61
Saint-Philippe,RE,935215,55.7679,-21.3585,78.33,82.99,61,0,9.22
Rapid City,US,5768233,-103.231,44.0805,29.19,30.99,69,1,11.5
Arlit,NE,2447513,7.3853,18.7369,61.56,61.56,26,0,9.13
Turukhansk,RU,1488903,87.9833,65.8167,-26.43,-26.43,83,1,3.96
Syria,SY,163843,38.0,35.0,39.92,39.92,71,0,1.74
Nara,JP,1855612,135.8049,34.6851,45.61,50.0,37,20,4.61
Shiyan,CN,1794903,110.7781,32.6475,45.73,45.73,65,98,9.24
Berlevåg,NO,780687,29.0864,70.8578,33.8,33.8,75,40,10.36
Fairbanks,US,5861897,-147.7164,64.8378,1.15,3.0,71,90,1.41
Ahipara,NZ,2194098,173.1667,-35.1667,72.05,72.05,65,99,6.31
Port Hardy,CA,6111862,-127.4199,50.6996,36.59,41.0,86,20,8.05
Lázaro Cárdenas,MX,4026082,-102.2,17.9583,71.64,71.64,88,0,4.16
Saldanha,ZA,3361934,17.9442,-33.0117,60.8,60.8,88,0,4.61
Ust'-Koksa,RU,1488167,85.6108,50.2696,24.57,24.57,93,100,3.47
Lunglei,IN,1264688,92.7333,22.8833,81.59,81.59,18,23,3.96
Wattegama,LK,1224061,81.4808,6.7989,86.0,86.0,66,0,5.75
Kabare,CD,215605,28.8242,-2.4683,62.26,62.26,85,100,1.63
Kisangani,CD,212730,25.2,0.5167,69.42,69.42,95,68,2.08
Najrān,SA,103630,44.1277,17.4924,62.6,62.6,55,40,1.36
Alta Floresta,BR,6316343,-56.0861,-9.8756,72.03,72.03,97,100,2.13
Forsytheganj,BY,10722858,29.7333,52.6333,24.8,24.8,98,100,9.75
Coari,BR,3664539,-63.1414,-4.085,75.07,75.07,97,100,0.92
Bambey,SN,2252309,-16.4493,14.6955,80.6,80.6,28,0,6.91
Avrillé,FR,3035612,-0.5833,47.5,48.38,48.99,100,0,8.05
Katsuura,JP,2112309,140.3,35.1333,50.65,52.0,29,20,8.05
Lüderitz,NA,3355672,15.1594,-26.6481,61.45,61.45,62,0,16.53
Tuktoyaktuk,CA,6170031,-133.0374,69.4541,-25.6,-25.6,75,20,9.22
Beberibe,BR,3405924,-38.1306,-4.1797,80.6,80.6,83,40,6.91
Emerald,AU,2167426,148.1667,-23.5333,94.55,95.0,34,75,11.5
Almaznyy,RU,582447,40.045,48.0448,1.4,1.4,66,0,11.18
Meulaboh,ID,1214488,96.1285,4.1363,86.9,86.9,59,51,3.78
Butterworth,MY,1735076,100.3638,5.3991,88.57,91.4,51,20,8.05
Lisala,CD,211734,21.5167,2.15,68.41,68.41,96,100,1.1
Road Town,VG,3577430,-64.6167,18.4167,76.68,77.0,77,0,13.0
Mazamari,PE,3935102,-74.5308,-11.3258,69.66,69.66,96,100,2.53
Vila Franca do Campo,PT,3372472,-25.4333,37.7167,50.11,53.6,71,40,16.11
Provideniya,RU,4031574,-173.3,64.3833,5.0,5.0,85,90,17.9
Hobyo,SO,57000,48.5268,5.3505,78.44,78.44,69,99,17.29
Cidreira,BR,3466165,-50.2056,-30.1811,72.88,72.88,83,100,8.55
Popondetta,PG,2088163,148.2534,-8.7537,88.27,88.27,63,100,5.19
Mayumba,GA,2399001,10.6554,-3.432,78.06,78.06,86,99,2.98
Buchanan,LR,2278158,-10.0467,5.8808,77.63,77.63,88,2,5.1
Margate,GB,2643044,1.3862,51.3813,52.29,53.01,71,100,1.99
Tarcău,RO,665521,26.1333,46.8667,34.0,34.0,27,0,2.89
Yamada,JP,2110560,141.95,39.4667,31.62,31.62,49,7,22.68
Eyl,SO,60019,49.8164,7.9803,76.51,76.51,67,73,15.12
Zhigansk,RU,2012530,123.3711,66.7697,-27.87,-27.87,80,33,1.97
Puerto Escondido,MX,3520994,-97.0667,15.85,78.8,78.8,78,1,8.75
Guigue,VE,3639747,-67.7792,10.0853,71.26,71.26,92,58,2.53
Matara,LK,1235846,80.5353,5.9485,86.7,86.7,58,100,2.04
Lata,PT,2738381,-8.3327,40.1629,50.05,53.01,76,21,1.99
Verkh-Usugli,RU,2013459,115.1667,52.7,8.76,8.76,69,21,8.9
Vila Velha,BR,3445026,-40.2925,-20.3297,76.46,77.0,88,40,6.91
Sulina,RO,665790,29.6536,45.1559,38.35,38.35,87,100,10.4
Caohai,CN,1816028,104.2841,26.8661,61.99,61.99,34,0,12.91
Hofn,IS,2630299,-15.2082,64.2539,40.66,40.66,83,100,11.79
Sarakhs,IR,1159716,61.1577,36.5449,44.6,44.6,61,0,6.91
Vao,NC,2137773,167.4833,-22.6667,79.41,79.41,77,75,15.43
Urucará,BR,3385670,-57.76,-2.5364,74.89,74.89,88,77,2.62
Hay River,CA,5972762,-115.7999,60.8156,-10.28,-9.4,77,100,3.44
Nueva Concepción,GT,3592145,-91.3,14.2,69.73,77.0,78,1,3.33
Tucumcari,US,5495360,-103.725,35.1717,57.2,57.2,24,1,18.41
Vanimo,PG,2084442,141.3028,-2.6741,81.59,81.59,84,100,11.34
Trairi,BR,3386177,-39.2689,-3.2778,76.62,76.62,88,97,4.92
Cascais,PT,2269594,-9.4215,38.6979,51.89,53.01,87,0,3.44
Mackenzie,CA,6063191,-123.1698,55.2999,30.2,30.2,51,20,4.61
Kloulklubed,PW,7671223,134.2556,7.0419,86.0,86.0,70,75,12.66
Airai,TL,1651810,125.4092,-8.9266,67.01,67.01,100,95,2.93
Wewak,PG,2083537,143.6268,-3.5534,79.54,79.54,85,100,15.03
Kamenka,RU,553766,42.7678,51.3223,-21.06,-21.06,85,0,4.99
Champasak,LA,1657818,106.0,14.75,84.2,84.2,48,1,11.5
Nieuw Amsterdam,SR,3383434,-55.0833,5.8833,79.0,79.0,89,21,5.01
Patea,NZ,2206361,174.4833,-39.7583,73.0,73.0,61,0,11.01
Laramie,US,5830062,-105.5911,41.3114,21.72,21.99,42,1,16.11
Petropavlovsk-Kamchatskiy,RU,2122104,158.6483,53.0452,28.4,28.4,59,75,4.47
Torbay,CA,6167817,-52.7314,47.6666,32.79,34.0,100,90,27.63
Cam Ranh,VN,1586350,109.1591,11.9214,82.4,82.4,51,0,12.66
San Juan,AR,3837213,-68.5364,-31.5375,74.5,74.5,35,12,3.02
San Felipe,VE,3628423,-68.7425,10.3399,71.78,71.78,89,99,5.17
Atambua,ID,1651103,124.8925,-9.1061,80.58,80.58,77,72,5.68
Texarkana,US,4736096,-94.0477,33.4251,62.6,62.6,42,1,10.36
Sittwe,MM,1295765,92.9,20.15,79.32,79.32,34,62,5.7
Nanortalik,GL,3421765,-45.2371,60.1432,19.49,19.49,56,83,6.44
Vanino,RU,2119932,140.2543,49.0869,11.43,11.43,69,25,11.7
Santa Isabel,BR,3450188,-46.2214,-23.3156,72.48,75.0,78,0,4.61
Massarosa,IT,6536813,10.3397,43.8676,46.44,50.0,100,20,2.3
Mudgee,AU,2156404,149.5871,-32.5943,74.05,75.0,56,90,8.05
Punto Fijo,VE,3629576,-70.1996,11.6956,77.58,77.58,79,14,24.52
Aleksandrovskoye,RU,582993,43.0008,44.7142,1.4,1.4,78,75,6.71
Galati,RO,677697,28.05,45.45,35.82,36.0,93,90,8.05
Puerto Ayacucho,VE,3629710,-67.6236,5.6639,76.15,76.15,85,74,2.77
Burnie,AU,2173125,145.9167,-41.0667,66.0,66.0,46,4,10.0
Marsh Harbour,BS,3571913,-77.0636,26.5412,71.98,71.98,80,3,12.77
Ginir,ET,336454,40.7,7.1333,63.75,63.75,30,100,2.28
Eirunepé,BR,3664321,-69.8736,-6.6603,74.17,74.17,94,100,1.99
Zaysan,KZ,1517060,84.8667,47.4667,28.02,28.02,89,100,2.21
Mount Isa,AU,2065594,139.5,-20.7333,96.8,96.8,15,0,8.05
Hasaki,JP,2112802,140.8333,35.7333,52.36,55.0,18,20,14.97
Ixtapa,MX,4004293,-105.2,20.7,72.21,73.4,88,1,1.68
Cayenne,GF,3382160,-52.3333,4.9333,75.2,75.2,100,75,10.36
Grand-Santi,GF,3381538,-54.3833,4.25,72.1,72.1,97,97,2.55
Longhua,CN,1802618,114.1919,23.6137,83.35,83.35,41,7,4.18
Bosaso,SO,64013,49.1816,11.2842,75.02,75.02,67,41,5.1
Nichinan,JP,1855476,131.3667,31.6,59.0,59.0,51,20,9.22
Laiwu,CN,1804591,117.6569,36.1928,38.32,38.32,69,100,7.65
Sinjār,IQ,448149,41.8754,36.3209,43.72,43.72,62,0,3.13
Ilhabela,BR,3461425,-45.3581,-23.7781,74.57,74.57,74,1,4.85
Corrales,US,5463237,-106.6067,35.2378,46.53,48.99,33,1,9.22
Santa Cruz,MA,2561668,-9.5982,30.4202,59.0,59.0,77,0,11.5
Tornio,FI,634093,24.1466,65.8481,12.2,12.2,85,90,10.36
San Miguel de Cozumel,MX,3530103,-86.9458,20.5083,77.0,77.0,78,20,6.91
Ishinomaki,JP,2112576,141.3,38.4167,39.2,39.2,38,40,18.41
Kashary,RU,552006,41.0056,49.04,-4.74,-4.74,85,2,5.99
Salta,AR,3838233,-65.4117,-24.7859,69.8,69.8,83,75,9.22
Evensk,RU,2125693,159.2333,61.95,-2.63,-2.63,74,0,6.69
Mungeli,IN,1262484,81.6833,22.0667,87.78,87.78,13,0,3.44
Departamento de Maldonado,UY,3441890,-54.9167,-34.6667,59.0,59.0,94,0,2.3
Bengkulu,ID,1649150,102.2655,-3.8004,85.42,85.42,61,100,9.44
Lithgow,AU,2160053,150.15,-33.4833,55.99,55.99,43,100,7.0
Flinders,AU,6255012,150.8552,-34.5833,70.54,73.0,73,95,3.0
Kuna,US,5597955,-116.4201,43.4918,33.94,35.01,75,90,6.35
Avera,US,4231997,-82.5271,33.194,44.82,46.99,71,1,4.61
Châlette-sur-Loing,FR,3027531,2.7359,48.0134,46.63,48.99,89,0,8.05
Qasigiannguit,GL,3420768,-51.1922,68.8193,15.8,15.8,41,0,10.36
Goundam,ML,2456917,-3.6708,16.4145,67.86,67.86,21,0,10.65
Iqaluit,CA,5983720,-68.5145,63.7506,21.2,21.2,86,90,14.97
Koumac,NC,2140558,164.2833,-20.5667,84.54,84.54,67,44,8.12
Arrondissement de Saint-Denis,FR,2980915,2.3333,48.9167,50.61,52.0,87,0,6.91
La Rioja,ES,3336897,-2.5,42.25,45.82,46.99,100,0,8.05
Qaqortoq,GL,3420846,-46.0333,60.7167,21.2,21.2,49,90,2.3
Carballo,ES,3126369,-8.691,43.213,53.96,55.99,58,76,7.0
Ugoofaaru,MV,1337619,73.0,5.6667,81.86,81.86,67,85,5.66
Ormond Beach,US,4167178,-81.0559,29.2858,55.04,57.0,87,1,2.21
Praia,CV,3374333,-23.5087,14.9215,73.4,73.4,38,0,14.97
Kyra,RU,2021041,111.9753,49.5776,13.78,13.78,57,1,3.15
Salinas,US,5391295,-121.6555,36.6777,53.22,57.2,67,1,3.44
Guerrero Negro,MX,4021858,-114.0611,27.9769,59.97,59.97,61,4,10.31
Novosergiyevka,RU,517982,53.6528,52.0934,-16.78,-16.78,84,100,21.3
Tadine,NC,2138285,167.8833,-21.55,81.48,81.48,73,93,14.32
Kalmunai,LK,1242110,81.8167,7.4167,82.24,82.24,70,100,8.95
Nicoya,CR,3622716,-85.452,10.1483,77.0,77.0,61,0,19.57
Metu,ET,330764,35.5833,8.3,62.22,62.22,72,96,2.13
Malanville,BJ,2392837,3.3899,11.8685,67.15,67.15,12,0,8.21
Sakakah,SA,102527,40.2064,29.9697,48.2,48.2,76,90,17.27
Itoman,JP,1861280,127.6694,26.1247,74.39,75.2,60,20,12.66
Ponta do Sol,PT,2264557,-17.1,32.6667,54.97,59.0,80,6,1.99
Turan,VN,1583992,108.2208,16.0678,80.6,80.6,61,40,4.61
Ambon City,ID,1651531,128.1814,-3.6954,84.2,84.2,70,40,2.3
Mackay,AU,2159220,149.2,-21.15,86.79,88.0,70,40,14.97
Khasan,RU,2039557,130.6434,42.4308,25.99,25.99,78,0,3.89
Samaná,DO,3492997,-69.3369,19.2056,73.58,73.58,80,2,7.4
Amga,RU,2027786,131.9608,60.8953,-12.03,-12.03,84,99,1.86
Hambantota,LK,1244926,81.1185,6.1241,86.0,86.0,66,0,5.75
Yanam,IN,1252795,82.2167,16.7333,84.2,84.2,61,0,5.75
Namanga,KE,184570,36.7905,-2.5433,68.88,68.88,67,100,2.91
Hong Kong,HK,1819729,114.1577,22.2855,65.62,69.01,78,89,3.0
Boguchany,RU,1509844,97.4531,58.3814,-5.64,-5.64,86,24,2.62
Karatau,KZ,1519938,70.4667,43.1667,35.15,35.15,79,98,30.0
Manicoré,BR,3663503,-61.3003,-5.8092,73.45,73.45,89,99,1.81
Sept-Îles,CA,6144312,-66.3821,50.2001,26.76,27.0,93,90,4.61
Cabedelo,BR,3404558,-34.8339,-6.9811,78.8,78.8,89,20,4.61
Caravelas,BR,3466980,-39.2481,-17.7125,75.65,75.65,84,96,5.41
Irtyshskiy,RU,1505495,68.1333,58.3333,-13.67,-13.67,90,100,18.16
Kwang Binh,VN,1582886,106.6,17.4833,74.79,74.79,76,97,10.42
Inhambane,MZ,1045114,35.3833,-23.865,75.2,75.2,94,20,5.75
Zeya,RU,2012593,127.2667,53.75,1.38,1.38,74,73,0.74
Tabuk,PH,1684803,121.4443,17.4189,83.95,83.95,68,40,5.14
Drayton Valley,CA,5942547,-114.9854,53.2168,20.77,20.77,84,55,7.81
Falkensee,DE,2927930,13.0833,52.5667,48.99,48.99,77,39,1.01
Anadyr,RU,2127202,177.4833,64.75,-22.81,-22.0,76,20,15.66
Awjilah,LY,88533,21.2869,29.1081,48.94,48.94,71,0,5.14
Puerto Baquerizo Moreno,EC,3652758,-89.6,-0.9,76.87,76.87,87,10,10.42
Clyde River,CA,5924351,-68.5914,70.4692,-11.2,-11.2,77,75,3.44
Longyearbyen,SJ,2729907,15.6401,78.2186,31.96,31.96,97,100,3.44
Aasiaat,GL,3424901,-52.8699,68.7098,4.14,4.14,87,64,5.57
Clarence Town,AU,2171465,151.7833,-32.5833,71.02,73.0,94,90,9.22
Klaksvík,FO,2618795,-6.589,62.2266,44.6,44.6,93,90,8.05
Belmonte,BR,3470137,-38.8828,-15.8631,75.2,75.2,88,20,2.3
Riyadh,SA,108410,46.7219,24.6877,52.93,53.6,50,40,4.61
Lincoln,US,5072006,-96.667,40.8,43.41,46.4,57,1,10.36
Brekstad,NO,3160100,9.6654,63.687,46.4,46.4,61,0,10.36
Baykit,RU,1510689,96.37,61.67,-10.57,-10.57,82,83,1.59
Kumul,CN,1529484,93.45,42.8,48.18,48.18,47,60,0.09
Chui,UY,3443061,-53.4616,-33.6971,59.25,59.25,73,0,2.24
Constitución,CL,3893726,-72.4167,-35.3333,60.4,60.4,69,0,7.4
Orange Walk District,BZ,3581511,-88.8333,17.8333,73.0,73.0,70,2,1.61
Uvat,RU,1487939,68.8953,59.1433,-19.28,-19.28,85,100,13.24
Casablanca,MA,2553604,-7.6192,33.5928,43.68,46.4,87,0,5.75
Praia da Vitória,PT,3372760,-27.0667,38.7333,47.7,48.2,81,40,20.24
Tsabong,BW,932987,22.401,-26.0217,68.4,68.4,86,90,13.49
Eureka,US,5563397,-124.1637,40.8021,45.43,48.0,81,0,7.0
Angoche,MZ,1052944,39.9086,-16.2325,79.63,79.63,82,54,3.89
Narendranagar,IN,1261806,78.3,30.1667,73.36,73.36,22,0,2.17
Narsaq,GL,3421719,-46.05,60.9167,21.2,21.2,49,90,2.3
Krasnyy Chikoy,RU,2012349,108.7512,50.3643,15.53,15.53,79,61,1.19
Kodinsk,RU,1503037,99.1844,58.6881,-6.81,-6.81,86,54,2.71
Oistins,BB,3373652,-59.5333,13.0667,78.8,78.8,65,40,19.57
Kananga,CD,214481,22.4178,-5.8958,66.78,66.78,94,100,1.03
Bathsheba,BB,3374083,-59.5167,13.2167,78.8,78.8,65,40,19.57
Waterloo,CA,6176823,-80.5164,43.4668,32.52,33.8,80,20,4.61
Villa Tecolutilla,MX,3516149,-93.3167,18.2833,72.16,72.16,91,14,9.42
Troitskoye,RU,1489209,84.6757,52.9821,20.25,20.25,94,100,9.53
Luís Correia,BR,3396121,-41.6669,-2.8792,76.68,76.68,88,100,7.38
Culebra,PR,4564070,-65.301,18.303,75.58,77.0,61,1,6.91
Impfondo,CG,2259655,18.0667,1.6381,68.67,68.67,98,98,1.83
Vinh,VN,1562798,105.6667,18.6667,76.3,76.3,63,46,7.74
Yagodnoye,RU,2119626,149.6667,62.55,-15.43,-15.43,81,33,1.25
Sobolevo,RU,525426,31.8996,54.4299,12.58,12.58,96,100,11.21
Araguaína,BR,3407357,-48.2072,-7.1911,72.91,72.91,93,65,2.28
Volodarskiy,RU,472490,48.5409,46.4013,-7.29,-7.01,71,0,13.42
Kailua,US,5847486,-157.7394,21.4022,75.4,78.8,65,90,11.5
Province of Palermo,IT,2523918,13.5833,37.8167,50.36,53.01,74,0,2.59
Linqiong,CN,1803365,103.4609,30.4159,64.4,64.4,68,40,4.47
Makaha,US,5850511,-158.2175,21.4694,76.66,78.8,73,75,6.91
Okha,RU,2122614,142.9478,53.5739,17.83,17.83,97,100,22.26
Jiexiu,CN,1805833,111.9125,37.0244,43.66,43.66,54,100,3.2
Nantucket,US,4944903,-70.0995,41.2835,37.22,37.4,87,1,17.27
Nizhnevartovsk,RU,1497543,76.5531,60.9344,-25.6,-25.6,68,0,6.71
Okhotsk,RU,2122605,143.3,59.3833,7.92,7.92,87,51,11.79
Srandakan,ID,1626493,110.2506,-7.9386,80.46,80.46,79,100,14.09
Plainview,US,5131638,-73.4673,40.7765,42.31,44.6,57,75,9.22
Ziyang,CN,1790863,117.8547,29.2497,70.56,70.56,50,0,5.64
Churapcha,RU,2025241,132.4325,62.0025,-18.06,-18.06,86,90,3.0
Christchurch,NZ,2192362,172.6333,-43.5333,82.4,82.4,36,62,19.57
Malakal,SS,370737,31.6605,9.5334,74.55,74.55,18,2,12.21
Mandalgovi,MN,2030065,106.2708,45.7625,28.45,28.45,74,0,9.48
Santiago,CL,3871336,-70.6483,-33.4569,68.74,70.0,42,47,5.75
Zykovo,RU,1484923,93.1461,55.9519,-11.2,-11.2,77,0,4.47
Khovd,MN,1516048,91.6419,48.0056,29.91,29.91,71,13,3.49
Kahului,US,5847411,-156.47,20.8947,70.54,75.2,60,40,21.85
Ambilobe,MG,1082243,49.05,-13.2,75.15,75.15,89,98,1.97
Zhezkazgan,KZ,1516589,67.7144,47.8043,-11.2,-11.2,77,75,26.84
Amnat Charoen,TH,1906689,104.75,15.9167,92.97,92.97,25,99,9.57
Honningsvåg,NO,779554,25.9704,70.9821,26.6,26.6,86,75,27.63
Xinxiang,CN,1788572,113.8672,35.3089,43.72,43.72,57,100,10.78
Gucheng,CN,1809597,111.3192,35.9115,36.05,36.05,82,100,9.24
Palmer,US,4946620,-72.3287,42.1584,38.62,41.0,70,90,14.97
Mocuba,MZ,1024312,36.9856,-16.8392,74.66,74.66,97,100,4.74
Robertson,US,4653638,-86.8667,36.5167,48.51,50.0,50,20,6.91
Ambanja,MG,1083724,48.45,-13.6833,80.6,80.6,87,75,2.3
Udachny,RU,2014624,112.4,66.4167,-27.18,-27.18,79,10,3.44
Beira,MZ,1052373,34.8389,-19.8436,80.6,80.6,78,40,8.05
Aitape,PG,2101169,142.3475,-3.1374,79.83,79.83,87,100,10.54
Yangi Marg`ilon,UZ,1513491,71.7189,40.4272,44.6,44.6,61,75,16.11
Jinchang,CN,1805733,102.1739,38.4953,42.28,42.28,56,26,6.11
Singapore,SG,1880252,103.8501,1.2897,85.86,87.8,58,75,9.22
Shache,CN,1280037,77.2406,38.4167,46.06,46.06,53,54,4.52
Sahuaripa,MX,3988265,-109.2333,29.05,62.44,62.44,29,0,5.28
Pilar,BR,3392126,-35.9567,-9.5972,75.2,75.2,94,40,3.44
Butembo,CD,217562,29.2833,0.15,59.83,59.83,89,96,1.92
Asău,RO,686090,26.4,46.4333,30.0,30.0,68,0,3.09
Poshekhon'ye,RU,506029,39.1353,58.4993,-5.33,-5.33,87,87,8.43
Kabo,CF,2386042,18.629,7.6994,68.47,68.47,26,69,4.12
Myitkyina,MM,1307741,97.4,25.3833,84.07,84.07,26,29,3.47
Priiskovyy,RU,2017632,116.6333,51.9333,4.93,4.93,82,88,6.53
Amuntai,ID,1651461,115.2494,-2.4177,84.06,84.06,82,100,2.19
Vitim,RU,2013375,112.5578,59.4511,0.28,0.28,87,100,3.56
Aklavik,CA,5882953,-135.0107,68.2191,-19.07,-14.8,84,5,2.3
Nizwá,OM,286987,57.5333,22.9333,78.12,78.12,24,0,1.36
Buraidah,SA,107304,43.975,26.326,48.2,48.2,100,0,6.91
Forestville,US,4355274,-76.875,38.8451,38.82,44.6,49,1,4.61
Hudiksvall,SE,2704613,17.1036,61.729,36.0,36.0,98,100,7.56
Guantánamo,CU,3557689,-75.2092,20.1444,78.8,78.8,83,40,5.75
Beringovskiy,RU,2126710,179.3167,63.05,-13.63,-13.63,89,99,18.1
Dalvik,IS,2632287,-18.5286,65.9702,32.0,32.0,100,90,3.44
Port Blair,IN,1259385,92.75,11.6667,82.4,82.4,78,20,5.75
Waipawa,NZ,2206874,175.5153,-41.4122,68.61,70.0,60,40,19.57
Souris,CA,6151456,-100.2612,49.6172,17.62,21.0,92,75,4.61
Morden,CA,6078447,-98.1014,49.1919,21.2,21.2,68,58,8.05
Port Augusta,AU,2063056,137.7667,-32.5,74.84,75.99,37,82,13.8
Whitehorse,CA,6180550,-135.0538,60.7161,9.55,10.4,85,20,3.96
Zliten,LY,2208485,14.5687,32.4674,55.47,55.47,78,8,7.25
Le Port,RE,935616,55.2919,-20.9373,74.26,82.4,65,40,16.11
Kudymkar,RU,539817,54.656,59.0173,-22.76,-22.76,86,1,7.09
Shimoda,JP,1852357,138.95,34.6667,45.95,50.0,46,75,9.22
Taquaritinga,BR,3446753,-48.5047,-21.4061,71.85,71.85,77,0,5.32
Tocopilla,CL,3869716,-70.1979,-22.092,66.13,66.13,66,42,1.83
Katherine,AU,2068655,132.2667,-14.4667,80.6,80.6,83,90,10.36
Rundu,NA,3353383,19.7667,-17.9333,64.18,64.18,96,100,2.84
Boddam,GB,2655288,-1.7833,57.4667,48.74,48.99,81,100,14.97
Methóni,GR,257122,21.7049,36.8197,44.46,51.01,93,0,5.01
Suez,EG,359796,32.5263,29.9737,57.45,57.45,62,55,16.4
San Cristobal,VE,3628473,-72.225,7.7669,66.7,66.7,73,33,1.68
Jagüey Grande,CU,3556437,-81.1286,22.5269,73.4,73.4,88,40,3.44
Horasan,TR,745527,42.1728,40.0458,13.69,13.69,91,50,0.87
Zhireken,RU,2012510,117.3076,52.8249,3.96,3.96,88,99,6.42
Kushiro,JP,2129376,144.3747,42.975,24.8,24.8,63,75,12.66
Geesthacht,DE,2922102,10.3667,53.4333,47.16,50.0,78,100,1.99
Aktau,KZ,610612,51.2,43.65,3.2,3.2,78,40,24.61
Correntina,BR,3465373,-44.6367,-13.3433,70.07,70.07,87,98,1.97
Banska Bystrica,SK,3343954,19.5,48.5,42.53,42.53,70,0,4.92
Srinagar,IN,1255634,74.8167,34.0833,50.97,50.97,52,81,1.52
Banjar,ID,1650232,114.9675,-8.19,86.0,86.0,74,20,6.91
Kyren,RU,2021031,102.1408,51.6828,17.19,17.19,68,29,0.81
São João da Barra,BR,3448903,-41.0511,-21.6403,74.39,74.39,90,0,4.56
Zhuhai,CN,1790437,113.5678,22.2769,74.59,79.0,68,20,5.75
Forio,IT,3176748,13.8646,40.7342,48.97,52.0,93,0,1.14
Codrington,AU,2171099,141.9667,-38.2667,63.73,63.73,50,45,13.62
Beckley,US,4798308,-81.1882,37.7782,32.31,35.01,69,1,4.05
Ardahan,TR,751952,42.7022,41.1087,12.29,12.29,95,97,2.57
Kirensk,RU,2022083,108.1119,57.7853,1.78,1.78,89,100,6.73
Bandarbeyla,SO,64814,50.8122,9.4942,76.3,76.3,68,24,13.53
Irbeyskoye,RU,1505529,95.4522,55.6428,-1.3,-1.3,90,83,4.0
Dzaoudzi,YT,921900,45.2699,-12.7887,80.6,80.6,83,40,6.91
Brownsville,US,4676740,-97.4975,25.9018,68.4,69.01,88,75,11.5
